
INSERT INTO Station(StationName, Location, PlatformCount)
VALUES ('서울역','서울 용산구 한강대로 405',10),
      ('광명역','경기 광명시 광명역로 21',10),
       ('대전역','대전 동구 중앙로 215', 10),
       ('대구역','대구 북구 태평로 161',4),
       ('울산역','울산 울주군 삼남읍 울산역로 177',2),
       ('부산역','부산 동구 중앙대로 206',10),
       ('전주역','전북 전주시 덕진구 동부대로 680',4),
       ('강릉역','강원 강릉시 용지로 176',2),
       ('신경주역','경북 경주시 건천읍 경주역로 80',4),
       ('광주역','광주 북구 무등로 235',8);

-- Timetable 테이블에 레코드 추가 (출발역과 도착역 정보 추가)
/*
INSERT INTO Timetable (TrainID, DepartureTime, ArrivalTime, OperatingDay, DepartureStationID, ArrivalStationID)
VALUES
-- Train 1
(1, '08:00:00', '10:30:00', '2023-01-01', 1, 2),
(1, '14:00:00', '16:30:00', '2023-01-01', 1, 2),
(1, '09:00:00', '11:30:00', '2023-01-02', 1, 2),
(1, '15:00:00', '17:30:00', '2023-01-02', 1, 2),
-- Train 2
(2, '09:30:00', '12:00:00', '2023-01-01', 2, 3),
(2, '16:30:00', '19:00:00', '2023-01-01', 2, 3),
(2, '10:30:00', '13:00:00', '2023-01-02', 2, 3),
(2, '17:30:00', '20:00:00', '2023-01-02', 2, 3),
-- Train 3
(3, '10:00:00', '12:30:00', '2023-01-01', 3, 4),
(3, '17:00:00', '19:30:00', '2023-01-01', 3, 4),
(3, '11:00:00', '13:30:00', '2023-01-02', 3, 4),
(3, '18:00:00', '20:30:00', '2023-01-02', 3, 4),
-- Train 4
(4, '10:30:00', '13:00:00', '2023-01-01', 4, 9),
(4, '17:30:00', '20:00:00', '2023-01-01', 4, 9),
(4, '11:30:00', '14:00:00', '2023-01-02', 4, 9),
(4, '18:30:00', '21:00:00', '2023-01-02', 4, 9),
-- Train 5
(5, '11:00:00', '13:30:00', '2023-01-01', 9, 6),
(5, '18:00:00', '20:30:00', '2023-01-01', 9, 6),
(5, '12:00:00', '14:30:00', '2023-01-02', 9, 6),
(5, '19:00:00', '21:30:00', '2023-01-02', 9, 6),
-- Train 6
(6, '11:30:00', '14:00:00', '2023-01-01', 6, 5),
(6, '18:30:00', '21:00:00', '2023-01-01', 6, 5),
(6, '12:30:00', '15:00:00', '2023-01-02', 6, 5),
(6, '19:30:00', '22:00:00', '2023-01-02', 6, 5),
-- Train 7
(7, '12:00:00', '14:30:00', '2023-01-01', 5, 9),
(7, '19:00:00', '21:30:00', '2023-01-01', 5, 9),
(7, '13:00:00', '15:30:00', '2023-01-02', 5, 9),
(7, '20:00:00', '22:30:00', '2023-01-02', 5, 9),
-- Train 8
(8, '12:30:00', '15:00:00', '2023-01-01', 9, 1),
(8, '19:30:00', '22:00:00', '2023-01-01', 9, 1),
(8, '13:30:00', '16:00:00', '2023-01-02', 9, 1),
(8, '20:30:00', '23:00:00', '2023-01-02', 9, 1),
-- Train 9
(9, '13:00:00', '15:30:00', '2023-01-01', 1, 8),
(9, '20:00:00', '22:30:00', '2023-01-01', 1, 8),
(9, '14:00:00', '16:30:00', '2023-01-02', 1, 8),
(9, '21:00:00', '23:30:00', '2023-01-02', 1, 8),
-- Train 10
(10, '13:30:00', '16:00:00', '2023-01-01', 8, 9),
(10, '20:30:00', '23:00:00', '2023-01-01', 8, 9),
(10, '14:30:00', '17:00:00', '2023-01-02', 8, 9),
(10, '21:30:00', '00:00:00', '2023-01-02', 8, 9);
*/


INSERT INTO DetailedRoute (StartID, EndID)
VALUES
(1, 2), -- 서울역 -> 광명역
(1, 8), -- 서울역 -> 강릉역
(1, 9), -- 서울역 -> 신경주역
(2, 1), -- 광명역 -> 서울역
(2, 3), -- 광명역 -> 대전역
(3, 2), -- 대전역 -> 광명역
(3, 9), -- 대전역 -> 신경주역
(3, 7), -- 대전역 -> 전주역
(7, 3), -- 전주역 -> 대전역
(7, 10), -- 전주역 -> 광주역
(10, 7), -- 광주역 -> 전주역
(10, 6), -- 광주역 -> 부산역
(6, 10), -- 부산역 -> 광주역
(6, 9), -- 부산역 -> 신경주역
(9, 1), -- 신경주역 -> 서울역
(9, 3), -- 신경주역 -> 대전역
(9, 8), -- 신경주역 -> 강릉역
(9, 6), -- 신경주역 -> 부산역
(8, 1), -- 강릉역 -> 서울역
(8, 9), -- 강릉역 -> 신경주역
(4, 3), -- 대구역 -> 대전역
(4, 9), -- 대구역 -> 신경주역
(3, 4), -- 대전역 -> 대구역
(9, 4), -- 신경주역 -> 대구역
(5, 9), -- 울산역 -> 신경주역
(5, 6), -- 울산역 -> 부산역
(9, 5), -- 신경주역 -> 울산역
(6, 5); -- 부산역 -> 울산역

/* 승객 정보 필요
INSERT INTO PointPay (PassengerID, PointsBefore, PointsUsed, PointsAfter)
VALUES
(1, 4500, 150, 4350),
(2, 3200, 200, 3000),
(3, 2800, 100, 2700),
(4, 5000, 400, 4600),
(5, 3800, 300, 3500),
(6, 4200, 500, 3700),
(7, 3100, 250, 2850),
(8, 4700, 350, 4350),
(9, 2600, 150, 2450),
(10, 4000, 450, 3550);
*/

INSERT INTO Promotion (PromotionID, discount)
VALUES
(1, 10),  -- 10% 할인
(2, 15),  -- 15% 할인
(3, 5),   -- 5% 할인
(4, 20),  -- 20% 할인
(5, 25),  -- 25% 할인
(6, 30),  -- 30% 할인
(7, 35),  -- 35% 할인
(8, 40),  -- 40% 할인
(9, 45),  -- 45% 할인
(10, 50); -- 50% 할인

INSERT INTO Fare (FareID, Fare)
VALUES
(1, 10000),  -- 일반 요금
(2, 12000),  -- 일반 요금
(3, 9000),   -- 일반 요금
(4, 15000),  -- 일반 요금
(5, 8000),   -- 일반 요금
(6, 11000),  -- 일반 요금
(7, 20000),  -- 화물 요금
(8, 25000),  -- 화물 요금
(9, 30000),  -- 화물 요금
(10, 35000); -- 화물 요금

INSERT INTO CargoCustomer (CustomerID) VALUES
(NULL),
(NULL),
(NULL),
(NULL),
(NULL),
(NULL),
(NULL),
(NULL),
(NULL),
(NULL);

INSERT INTO Cargo (CargoType, CargoWeight) VALUES
(1, 500),   -- 타입 1, 무게 500
(2, 750),   -- 타입 2, 무게 750
(3, 300),   -- 타입 3, 무게 300
(4, 900),   -- 타입 4, 무게 900
(1, 450),   -- 타입 1, 무게 450
(2, 600),   -- 타입 2, 무게 600
(3, 350),   -- 타입 3, 무게 350
(4, 800),   -- 타입 4, 무게 800
(1, 550),   -- 타입 1, 무게 550
(2, 700);   -- 타입 2, 무게 700

/* route를 생성하는 함수를 동작시키고 이 insert를 진행해야함
INSERT INTO CargoPayment (CustomerID, CargoID, RouteID, FareID, PaymentAmount, PaymentDate, IsRefunded)
VALUES
(1, 1, 0102, 7, 250, '2023-01-01', FALSE),
(2, 2, 0304, 8, 500, '2023-01-02', FALSE),
(3, 3, 0506, 9, 750, '2023-01-03', FALSE),
(4, 4, 0708, 10, 1000, '2023-01-04', FALSE),
(5, 5, 0910, 7, 300, '2023-01-05', FALSE),
(6, 6, 0203, 8, 600, '2023-01-06', FALSE),
(7, 7, 0405, 9, 800, '2023-01-07', FALSE),
(8, 8, 0607, 10, 900, '2023-01-08', FALSE),
(9, 9, 0809, 7, 400, '2023-01-09', FALSE),
(10, 10, 0110, 8, 200, '2023-01-10', FALSE);
*/

/*INSERT INTO ActualOperation(TimetableID, DepartureStationID, ArrivalStationID, DepartureTime, ArrivalTime, Changes)
시간표가 만들어진 후 작성해야하기때문에 추후 작성 예정
*/

INSERT INTO lostitems(OwnerName, ItemInfo, DateInfo, FoundLocation/*stationID*/, ProcessingStatus)
VALUE ('김민수', '검은색 삼성 갤럭시 S21휴대폰','2023-11-08',1,'폐기'),
     ('이지은', '갈색 루이비통 가죽 지갑','2023-11-18',3,'회수'),
      (NULL, '하트모양 키링이 달린 열쇠','2023-11-19',4,'보관'),
      ('최유진', '파란색 아디다스 백팩','2023-11-21',6,'보관'),
      ('장하은', '분홍색 가죽 카드지갑','2023-11-30',2,'보관'),
      ('강지후', '에어팟프로','2023-11-30',1,'회수'),
      (NULL, '노란색 단우산','2023-12-01',10,'보관'),
      (NULL, '투명한 플라스틱 물병','2023-12-03',9,'보관'),
      ('황수민', '초록색 국민은행 카드','2023-12-05',1,'폐기'),
      ('조은지', '애플펜슬','2023-12-08',7,'회수');

INSERT INTO AccidentInfo(StationID, AccidentTime, Weather, AccidentType, InjuredCount, ActionTaken)
VALUE (2, '2023-11-10 08:00:00','비','지연',0,'정상운행'),
     (5, '2023-11-15 08:30:00','비','지연',0,'지연운행'),
      (6, '2023-11-20 12:45:00','강풍','탈선',0,'운행중지'),
      (1, '2023-11-25 18:20:00','맑음','신호고장',0,'재정비'),
      (3, '2023-11-30 22:10:00','흐림','지연',0,'정상운행'),
      (2, '2023-12-05 04:30:00','비','지연',0,'지연운행'),
      (8, '2023-12-08 14:15:00','눈','지연',0,'지연운행'),
      (10, '2023-12-10 10:00:00','맑음','신호고장',0,'재정비'),
      (9, '2023-12-11 20:45:00','흐림','지연',0,'정상운행'),
      (7, '2023-12-12 09:00:00','강풍','지연',0,'지연운행');


/* 시간표 테이블 생성후 생성가능. 널을 ID로 바꾸면 됨
INSERT INTO WorkSchedule(EmployeeID,ScheduleID,WorkType,WorkDescription,WorkStatus)
VALUE (0000,NULL, '고객편의관리','고객을 관리하고, 민원을 접수함','근무중'),
     (0001,NULL, '고객편의관리','고객을 관리함','근무완료'),
      (0010,NULL, '열차 조종','열차를 정상적으로 운행함','근무중'),
      (1000,NULL, '고객편의관리','고객을 관리함','근무완료'),
      (0021,NULL, '열차 조종','열차 운행을 도움','근무완료'),
      (0002,NULL, '열차 청소','객실과 화장실을 청소함','근무중'),
      (0126,NULL, '고객편의관리','고객을 관리함','근무중'),
      (9006,NULL, '열차 청소','객실과 화장실을 청소함','근무완료'),
      (9003,NULL, '고객편의관리','고객을 관리하고, 민원을 접수함','근무중'),
      (9008,NULL, '열차 조종','열차를 정상적으로 운행함','근무완료');
*/
INSERT INTO employee(WorkScheduleID,EmployeeName,Salary,Position,ContactNumber,HireDate,EmployeeInfo)
VALUE (1,'이한솔',4000,'승무원','010-0000-0000','2020-12-01','1995년 출생. 숙명여대 경제학과 졸업'),
     (2,'노영권',4000,'승무원','010-1111-1111','2021-01-01','1999년 출생. 가천대 컴퓨터공학과 졸업'),
      (3,'박연하',4000,'기관사','010-2222-2222','2018-07-01','1991년 출생. 국민대 기계공학과 졸업'),
      (4,'송민정',4000,'승무원','010-3333-3333','2021-02-01','1998년 출생. 가천대 일어일문학과 졸업'),
      (5,'이신영',5000,'기관사','010-4444-4444','2023-03-01','1995년 출생. 성신여대 경제학과 졸업'),
      (6,'이다영',3000,'미화원','010-5555-5555','2022-11-01','2001년 출생. 숭실대 무역학과 졸업'),
      (7,'조주원',4000,'승무원','010-6666-6666','2022-11-01','2002년 출생. 중앙대 소프트웨어학과 졸업'),
      (8,'이종현',5000,'미화원','010-7777-7777','2008-11-01','1979년 출생. 세종대 경영학과 졸업'),
      (9,'이성민',5000,'승무원','010-8888-8888','2012-06-01','1986년 출생. 경희대 경영학과 졸업'),
      (10,'한누리',6000,'기관사','010-9999-9999','2013-12-01','1986년 출생. 서경대 물리학과 졸업');

 INSERT INTO attendancerecord(EmployeeID, AttendanceDateTime,AttendanceStatus,AttendanceLocation)
 VALUE (1,'2023-12-01 09:32:15','정상','서울역'),
      (2,'2023-12-02 15:21:40','지각','광주역'),
       (3,'2023-12-03 07:48:03','정상','서울역'),
       (4,'2023-12-04 12:05:28','정상','울산역'),
       (5,'2023-12-05 16:37:51','정상','서울역'),
       (6,'2023-12-06 06:59:12','정상','부산역'),
       (7,'2023-12-07 13:43:09','정상','전주역'),
       (8,'2023-12-08 10:18:37','정상','전주역'),
       (9,'2023-12-09 17:12:45','정상','강릉역'),
       (10,'2023-12-10 08:27:19','정상','대전역');

 INSERT INTO customerconsultationrecord(EmployeeID,CustomerName,ConsultationDate,ConsultationType,ConsultationContent,ProcessingStatus)
 VALUE (1,'김현수','2023-11-02','열차운행','열차가 10분이나 지연됐습니다. 다음부턴 피해보지 않게 주의해주세요.','처리완료'),
      (1,'김현수','2023-11-10','열차서비스','화장실이 청결하지 않았습니다. 신경써주세요','처리완료'),
       (2,'김주영','2023-11-11','분실물','에어팟을 잃어버렸는데 습득하시면 연락 부탁드립니다.','처리완료'),
       (1,'김현수','2023-11-16','열차서비스','객차 내에서 불쾌한 냄새가 납니다. 신경써주세요','처리완료'),
       (7,'장해영','2023-11-17','결제','카카오페이 결제 시 오류가 나는데 왜 그런건가요?','처리완료'),
       (4,'박정은','2023-11-20','열차운행','열차가 1시간 지연되어 보상 부탁드립니다.','처리완료'),
       (2,'강수흔','2023-11-23','열차운행','서울-전주행 평일 14시 기차는 이제 더이상 운행 안 하는건가요?','처리완료'),
       (7,'김현수','2023-11-25','열차서비스','객차 내에서 시끄럽게 통화하는 승객들 관리해주세요.','처리완료'),
       (9,'김현수','2023-12-10','열차운행','10시 기차이고, 10시 40초쯤에 도착했는데 열차가 떠나네요? 10시 1분도 안됐는데 이러면 안 되는 거 아닌가요?','처리중'),
       (9,'최종환','2023-12-11','분실물','모자를 분실했습니다. 습듯 시 연락 부탁드립니다.','진행중');

 INSERT INTO ConvenienceFacility(StationID,toilet,convenienceStore,restaurant,cafe,giftshop,ticketStore,ParkingArea,ATM)
VALUE (1,4,5,12,10,3,2,2,3),
     (2,4,2,5,5,1,1,1,2),
      (3,3,3,10,8,3,2,1,2),
      (4,2,2,6,2,1,1,1,1),
      (5,1,2,1,3,1,1,1,1),
      (6,4,4,10,10,4,2,2,4),
      (7,1,2,8,6,2,1,1,2),
      (8,1,1,0,1,1,1,1,1),
      (9,2,2,4,5,2,1,1,1),
      (10,2,3,5,6,1,1,1,2);
/*
-- vending_machine 테이블에 데이터 삽입
INSERT INTO vending_machine (Vending_Machine_ID, Install_Date, Install_Location, management_company_name, manager, TrainID) VALUES
(1, '2019-01-17', '광주역', '한국자판기서비스주식회사 ', '김태영', 1),
(2, '2015-02-04', '서울역', '자판기네트워크주식회사', '이승호', 2),
(3, '2020-03-24', '전주역', '한국자판기서비스주식회사 ', '박해일', 3),
(4, '2021-04-15', '강릉역', 'LG자동판매기주식회사', '최민수', 4),
(5, '2017-08-08', '울산역', '주식회사삼성자판기', '정재욱', 5),
(6, '2022-11-22', '신경주역', '한국자판기서비스주식회사 ', '윤도현', 6),
(7, '2018-07-04', '광주역', '한국자판기서비스주식회사 ', '김태영', 7),
(8, '2023-12-03', '광명역', '자판기네트워크주식회사', '김수민', 8),
(9, '2019-09-01', '대전역', '주식회사삼성자판기', '이용주', 9),
(10, '2020-10-29', '대구역', 'LG자동판매기주식회사', '강동호', 10);

-- payment 테이블에 데이터 삽입
INSERT INTO Vending_payment (Payment_ID, Payment_Date, Payment_method, Product_ID, Price, Vending_machine_ID) VALUES
(1, '2023-01-15', 'Credit Card', 1, 1000, 1),
(2, '2023-01-20', 'Cash', 2, 1300, 2),
(3, '2023-01-24', 'Credit Card', 3, 900, 3),
(4, '2023-04-10', 'Cash', 4, 1000, 4),
(5, '2023-05-05', 'Credit Card', 5, 900, 5),
(6, '2023-06-18', 'Samsung Pay', 6, 1300, 6),
(7, '2023-07-30', 'Samsung Pay', 7, 1100, 7),
(8, '2023-08-12', 'Credit Card', 8, 1300, 8),
(9, '2023-09-22', 'Credit Card', 9, 1200, 9),
(10, '2023-10-09', 'Cash', 10, 1100, 10);

-- product_info 테이블에 데이터 삽입
INSERT INTO product_info (Product_ID, Product_Name, Product_Price, expiration_date) VALUES
(1, '아이시스 8.0', '1000', '2024-12-31'),
(2, '하늘보리', '1300', '2024-04-21'),
(3, '박카스', '900', '2024-03-31'),
(4, '레쓰비', '1000', '2024-11-31'),
(5, '비타500', '900', '2024-05-15'),
(6, '웰치스포도', '1300', '2024-06-17'),
(7, '비락식혜', '1100', '2024-03-01'),
(8, '실론티제로', '1300', '2024-09-23'),
(9, '포카리스웨트', '1200', '2024-10-03'),
(10, '핫식스', '1100', '2024-08-12');

-- stock 테이블에 데이터 삽입
INSERT INTO stock (Stock_id, quantity, Receiving_date, Vending_machine_ID, Product_ID) VALUES
(1, 28, '2023-01-01', 1, 4),
(2, 32, '2023-02-05', 2, 1),
(3, 13, '2023-03-10', 3, 7),
(4, 21, '2023-04-15', 4, 2),
(5, 8, '2023-05-20', 5, 3),
(6, 13, '2023-06-25', 6, 1),
(7, 21, '2023-07-30', 7, 2),
(8, 15, '2023-12-04', 8, 7),
(9, 13, '2023-09-09', 9, 9),
(10, 9, '2023-10-14', 10, 10);

-- maintenance 테이블에 데이터 삽입
INSERT INTO maintenance (Maintenance_ID, mechanic_ID, TrainID) VALUES
(1, '이성현', 1),
(2, '김주원', 2),
(3, '임창균', 3),
(4, '유기현', 4),
(5, '유기현', 5),
(6, '이신우', 6),
(7, '김주원', 2),
(8, '정재형', 8),
(9, '이신우', 7),
(10, '임창균', 3);

-- maintenance_record 테이블에 데이터 삽입
INSERT INTO maintenance_record (Maintenance_ID, Maintenance_Record, Maintenance_Datetime) VALUES
(1, '브레이크 시스템 점검', '2023-01-10'),
(2, '실내 시설 점검 및 수리', '2023-02-19'),
(3, '엔진 오일 교환', '2023-04-03'),
(4, '전기회로 누설 점검', '2023-04-25'),
(5, '실내 시설 점검 및 수리', '2023-02-10'),
(6, '브레이크 패드 교체', '2023-05-03'),
(7, '외부 손상 점검', '2023-07-16'),
(8, '제동 시스템 점검 및 유지보수', '2023-08-29'),
(9, '브레이크 호스 교체', '2023-09-23'),
(10, '전기 시스템 점검', '2023-10-29');

-- feedback 테이블에 데이터 삽입
INSERT INTO feedback (Feedback_ID, Name, Date, Feedback_contents, TrainID) VALUES
(1, '김미영', '2023-01-22 09:55:00', '열차 내가 너무 춥습니다. 난방시스템 점검해주세요.', 1),
(2, '최서진', '2023-02-25 11:28:00', '열차 좌석 간격이 너무 좁아서 불편하네요.', 2),
(3, '박연우', '2023-03-15 13:43:00', '열차에 무료 Wi-Fi가 제공되면 더 편리할 것 같아요.', 3),
(4, '심선우', '2023-04-02 10:20:00', '더 많은 콘센트가 있으면 좋겠어요.', 4),
(5, '최민지', '2023-05-10 14:00:00', '화장실 청결 상태가 불만족스럽습니다. 조금 더 신경써서 관리해주세요.', 5),
(6, '박규영', '2023-06-18 16:31:00', '자판기가 고장난 것 같습니다. 수리 부탁드립니다.', 6),
(7, '김우빈', '2023-07-22 12:15:00', '열차 안내 방송이 잘 안들려요. 음질 개선이 필요해보입니다.', 7),
(8, '차은우', '2023-08-28 08:41:00', '열차 안이 너무 덥네요. 냉방 시설 점검해주세요.', 8),
(9, '도민준', '2023-09-05 09:56:00', '열차 운행 소음이 너무 큽니다.', 9),
(10, '권현수', '2023-10-12 17:10:00', '열차 내부 시설이 깨끗하고 잘 관리되어 있었어요. 추가적인 편의시설이 더 있으면 좋겠습니다.', 10);
 */
