
/* route를 생성하는 함수를 동작시키고 이 insert를 진행해야함
INSERT INTO CargoPayment (CustomerID, CargoID, RouteID, FareID, PaymentAmount, PaymentDate, IsRefunded)
VALUES
(1, 1, 0102, 7, 250, '2023-01-01', FALSE),
(2, 2, 0304, 8, 500, '2023-01-02', FALSE),
(3, 3, 0506, 9, 750, '2023-01-03', FALSE),
(4, 4, 0708, 10, 1000, '2023-01-04', FALSE),
(5, 5, 0910, 7, 300, '2023-01-05', FALSE),
(6, 6, 0203, 8, 600, '2023-01-06', FALSE),
(7, 7, 0405, 9, 800, '2023-01-07', FALSE),
(8, 8, 0607, 10, 900, '2023-01-08', FALSE),
(9, 9, 0809, 7, 400, '2023-01-09', FALSE),
(10, 10, 0110, 8, 200, '2023-01-10', FALSE);
*/

/*INSERT INTO ActualOperation(TimetableID, DepartureStationID, ArrivalStationID, DepartureTime, ArrivalTime, Changes)
시간표가 만들어진 후 작성해야하기때문에 추후 작성 예정
*/

-- Timetable 테이블에 레코드 추가 (출발역과 도착역 정보 추가)
/*
INSERT INTO Timetable (TrainID, DepartureTime, ArrivalTime, OperatingDay, DepartureStationID, ArrivalStationID)
VALUES
-- Train 1
(1, '08:00:00', '10:30:00', '2023-01-01', 1, 2),
(1, '14:00:00', '16:30:00', '2023-01-01', 1, 2),
(1, '09:00:00', '11:30:00', '2023-01-02', 1, 2),
(1, '15:00:00', '17:30:00', '2023-01-02', 1, 2),
-- Train 2
(2, '09:30:00', '12:00:00', '2023-01-01', 2, 3),
(2, '16:30:00', '19:00:00', '2023-01-01', 2, 3),
(2, '10:30:00', '13:00:00', '2023-01-02', 2, 3),
(2, '17:30:00', '20:00:00', '2023-01-02', 2, 3),
-- Train 3
(3, '10:00:00', '12:30:00', '2023-01-01', 3, 4),
(3, '17:00:00', '19:30:00', '2023-01-01', 3, 4),
(3, '11:00:00', '13:30:00', '2023-01-02', 3, 4),
(3, '18:00:00', '20:30:00', '2023-01-02', 3, 4),
-- Train 4
(4, '10:30:00', '13:00:00', '2023-01-01', 4, 9),
(4, '17:30:00', '20:00:00', '2023-01-01', 4, 9),
(4, '11:30:00', '14:00:00', '2023-01-02', 4, 9),
(4, '18:30:00', '21:00:00', '2023-01-02', 4, 9),
-- Train 5
(5, '11:00:00', '13:30:00', '2023-01-01', 9, 6),
(5, '18:00:00', '20:30:00', '2023-01-01', 9, 6),
(5, '12:00:00', '14:30:00', '2023-01-02', 9, 6),
(5, '19:00:00', '21:30:00', '2023-01-02', 9, 6),
-- Train 6
(6, '11:30:00', '14:00:00', '2023-01-01', 6, 5),
(6, '18:30:00', '21:00:00', '2023-01-01', 6, 5),
(6, '12:30:00', '15:00:00', '2023-01-02', 6, 5),
(6, '19:30:00', '22:00:00', '2023-01-02', 6, 5),
-- Train 7
(7, '12:00:00', '14:30:00', '2023-01-01', 5, 9),
(7, '19:00:00', '21:30:00', '2023-01-01', 5, 9),
(7, '13:00:00', '15:30:00', '2023-01-02', 5, 9),
(7, '20:00:00', '22:30:00', '2023-01-02', 5, 9),
-- Train 8
(8, '12:30:00', '15:00:00', '2023-01-01', 9, 1),
(8, '19:30:00', '22:00:00', '2023-01-01', 9, 1),
(8, '13:30:00', '16:00:00', '2023-01-02', 9, 1),
(8, '20:30:00', '23:00:00', '2023-01-02', 9, 1),
-- Train 9
(9, '13:00:00', '15:30:00', '2023-01-01', 1, 8),
(9, '20:00:00', '22:30:00', '2023-01-01', 1, 8),
(9, '14:00:00', '16:30:00', '2023-01-02', 1, 8),
(9, '21:00:00', '23:30:00', '2023-01-02', 1, 8),
-- Train 10
(10, '13:30:00', '16:00:00', '2023-01-01', 8, 9),
(10, '20:30:00', '23:00:00', '2023-01-01', 8, 9),
(10, '14:30:00', '17:00:00', '2023-01-02', 8, 9),
(10, '21:30:00', '00:00:00', '2023-01-02', 8, 9);
*/

/* 승객 정보 필요
INSERT INTO PointPay (PassengerID, PointsBefore, PointsUsed, PointsAfter)
VALUES
(1, 4500, 150, 4350),
(2, 3200, 200, 3000),
(3, 2800, 100, 2700),
(4, 5000, 400, 4600),
(5, 3800, 300, 3500),
(6, 4200, 500, 3700),
(7, 3100, 250, 2850),
(8, 4700, 350, 4350),
(9, 2600, 150, 2450),
(10, 4000, 450, 3550);
*/

/* 시간표 테이블 생성후 생성가능. 널을 ID로 바꾸면 됨
INSERT INTO WorkSchedule(EmployeeID,ScheduleID,WorkType,WorkDescription,WorkStatus)
VALUE (0000,NULL, '고객편의관리','고객을 관리하고, 민원을 접수함','근무중'),
     (0001,NULL, '고객편의관리','고객을 관리함','근무완료'),
      (0010,NULL, '열차 조종','열차를 정상적으로 운행함','근무중'),
      (1000,NULL, '고객편의관리','고객을 관리함','근무완료'),
      (0021,NULL, '열차 조종','열차 운행을 도움','근무완료'),
      (0002,NULL, '열차 청소','객실과 화장실을 청소함','근무중'),
      (0126,NULL, '고객편의관리','고객을 관리함','근무중'),
      (9006,NULL, '열차 청소','객실과 화장실을 청소함','근무완료'),
      (9003,NULL, '고객편의관리','고객을 관리하고, 민원을 접수함','근무중'),
      (9008,NULL, '열차 조종','열차를 정상적으로 운행함','근무완료');
*/

/*
-- vending_machine 테이블에 데이터 삽입
INSERT INTO vending_machine (Vending_Machine_ID, Install_Date, Install_Location, management_company_name, manager, TrainID) VALUES
(1, '2019-01-17', '광주역', '한국자판기서비스주식회사 ', '김태영', 1),
(2, '2015-02-04', '서울역', '자판기네트워크주식회사', '이승호', 2),
(3, '2020-03-24', '전주역', '한국자판기서비스주식회사 ', '박해일', 3),
(4, '2021-04-15', '강릉역', 'LG자동판매기주식회사', '최민수', 4),
(5, '2017-08-08', '울산역', '주식회사삼성자판기', '정재욱', 5),
(6, '2022-11-22', '신경주역', '한국자판기서비스주식회사 ', '윤도현', 6),
(7, '2018-07-04', '광주역', '한국자판기서비스주식회사 ', '김태영', 7),
(8, '2023-12-03', '광명역', '자판기네트워크주식회사', '김수민', 8),
(9, '2019-09-01', '대전역', '주식회사삼성자판기', '이용주', 9),
(10, '2020-10-29', '대구역', 'LG자동판매기주식회사', '강동호', 10);

-- payment 테이블에 데이터 삽입
INSERT INTO Vending_payment (Payment_ID, Payment_Date, Payment_method, Product_ID, Price, Vending_machine_ID) VALUES
(1, '2023-01-15', 'Credit Card', 1, 1000, 1),
(2, '2023-01-20', 'Cash', 2, 1300, 2),
(3, '2023-01-24', 'Credit Card', 3, 900, 3),
(4, '2023-04-10', 'Cash', 4, 1000, 4),
(5, '2023-05-05', 'Credit Card', 5, 900, 5),
(6, '2023-06-18', 'Samsung Pay', 6, 1300, 6),
(7, '2023-07-30', 'Samsung Pay', 7, 1100, 7),
(8, '2023-08-12', 'Credit Card', 8, 1300, 8),
(9, '2023-09-22', 'Credit Card', 9, 1200, 9),
(10, '2023-10-09', 'Cash', 10, 1100, 10);

-- product_info 테이블에 데이터 삽입
INSERT INTO product_info (Product_ID, Product_Name, Product_Price, expiration_date) VALUES
(1, '아이시스 8.0', '1000', '2024-12-31'),
(2, '하늘보리', '1300', '2024-04-21'),
(3, '박카스', '900', '2024-03-31'),
(4, '레쓰비', '1000', '2024-11-31'),
(5, '비타500', '900', '2024-05-15'),
(6, '웰치스포도', '1300', '2024-06-17'),
(7, '비락식혜', '1100', '2024-03-01'),
(8, '실론티제로', '1300', '2024-09-23'),
(9, '포카리스웨트', '1200', '2024-10-03'),
(10, '핫식스', '1100', '2024-08-12');

-- stock 테이블에 데이터 삽입
INSERT INTO stock (Stock_id, quantity, Receiving_date, Vending_machine_ID, Product_ID) VALUES
(1, 28, '2023-01-01', 1, 4),
(2, 32, '2023-02-05', 2, 1),
(3, 13, '2023-03-10', 3, 7),
(4, 21, '2023-04-15', 4, 2),
(5, 8, '2023-05-20', 5, 3),
(6, 13, '2023-06-25', 6, 1),
(7, 21, '2023-07-30', 7, 2),
(8, 15, '2023-12-04', 8, 7),
(9, 13, '2023-09-09', 9, 9),
(10, 9, '2023-10-14', 10, 10);

-- maintenance 테이블에 데이터 삽입
INSERT INTO maintenance (Maintenance_ID, mechanic_ID, TrainID) VALUES
(1, '이성현', 1),
(2, '김주원', 2),
(3, '임창균', 3),
(4, '유기현', 4),
(5, '유기현', 5),
(6, '이신우', 6),
(7, '김주원', 2),
(8, '정재형', 8),
(9, '이신우', 7),
(10, '임창균', 3);

-- maintenance_record 테이블에 데이터 삽입
INSERT INTO maintenance_record (Maintenance_ID, Maintenance_Record, Maintenance_Datetime) VALUES
(1, '브레이크 시스템 점검', '2023-01-10'),
(2, '실내 시설 점검 및 수리', '2023-02-19'),
(3, '엔진 오일 교환', '2023-04-03'),
(4, '전기회로 누설 점검', '2023-04-25'),
(5, '실내 시설 점검 및 수리', '2023-02-10'),
(6, '브레이크 패드 교체', '2023-05-03'),
(7, '외부 손상 점검', '2023-07-16'),
(8, '제동 시스템 점검 및 유지보수', '2023-08-29'),
(9, '브레이크 호스 교체', '2023-09-23'),
(10, '전기 시스템 점검', '2023-10-29');

-- feedback 테이블에 데이터 삽입
INSERT INTO feedback (Feedback_ID, Name, Date, Feedback_contents, TrainID) VALUES
(1, '김미영', '2023-01-22 09:55:00', '열차 내가 너무 춥습니다. 난방시스템 점검해주세요.', 1),
(2, '최서진', '2023-02-25 11:28:00', '열차 좌석 간격이 너무 좁아서 불편하네요.', 2),
(3, '박연우', '2023-03-15 13:43:00', '열차에 무료 Wi-Fi가 제공되면 더 편리할 것 같아요.', 3),
(4, '심선우', '2023-04-02 10:20:00', '더 많은 콘센트가 있으면 좋겠어요.', 4),
(5, '최민지', '2023-05-10 14:00:00', '화장실 청결 상태가 불만족스럽습니다. 조금 더 신경써서 관리해주세요.', 5),
(6, '박규영', '2023-06-18 16:31:00', '자판기가 고장난 것 같습니다. 수리 부탁드립니다.', 6),
(7, '김우빈', '2023-07-22 12:15:00', '열차 안내 방송이 잘 안들려요. 음질 개선이 필요해보입니다.', 7),
(8, '차은우', '2023-08-28 08:41:00', '열차 안이 너무 덥네요. 냉방 시설 점검해주세요.', 8),
(9, '도민준', '2023-09-05 09:56:00', '열차 운행 소음이 너무 큽니다.', 9),
(10, '권현수', '2023-10-12 17:10:00', '열차 내부 시설이 깨끗하고 잘 관리되어 있었어요. 추가적인 편의시설이 더 있으면 좋겠습니다.', 10);
 */